--
-- PostgreSQL database dump
--

-- Dumped from database version 14.5
-- Dumped by pg_dump version 14.5

-- Started on 2022-12-11 23:25:04

SET statement_timeout = 0;
SET lock_timeout = 0;
SET idle_in_transaction_session_timeout = 0;
SET client_encoding = 'UTF8';
SET standard_conforming_strings = on;
SELECT pg_catalog.set_config('search_path', '', false);
SET check_function_bodies = false;
SET xmloption = content;
SET client_min_messages = warning;
SET row_security = off;

SET default_tablespace = '';

SET default_table_access_method = heap;

--
-- TOC entry 210 (class 1259 OID 16949)
-- Name: category; Type: TABLE; Schema: public; Owner: postgres
--

CREATE TABLE public.category (
    id integer NOT NULL,
    name character varying(255)
);


ALTER TABLE public.category OWNER TO postgres;

--
-- TOC entry 209 (class 1259 OID 16948)
-- Name: category_id_seq; Type: SEQUENCE; Schema: public; Owner: postgres
--

ALTER TABLE public.category ALTER COLUMN id ADD GENERATED BY DEFAULT AS IDENTITY (
    SEQUENCE NAME public.category_id_seq
    START WITH 1
    INCREMENT BY 1
    NO MINVALUE
    NO MAXVALUE
    CACHE 1
);


--
-- TOC entry 212 (class 1259 OID 16955)
-- Name: image; Type: TABLE; Schema: public; Owner: postgres
--

CREATE TABLE public.image (
    id integer NOT NULL,
    file_name character varying(255),
    product_id integer NOT NULL
);


ALTER TABLE public.image OWNER TO postgres;

--
-- TOC entry 211 (class 1259 OID 16954)
-- Name: image_id_seq; Type: SEQUENCE; Schema: public; Owner: postgres
--

ALTER TABLE public.image ALTER COLUMN id ADD GENERATED BY DEFAULT AS IDENTITY (
    SEQUENCE NAME public.image_id_seq
    START WITH 1
    INCREMENT BY 1
    NO MINVALUE
    NO MAXVALUE
    CACHE 1
);


--
-- TOC entry 214 (class 1259 OID 16961)
-- Name: orders; Type: TABLE; Schema: public; Owner: postgres
--

CREATE TABLE public.orders (
    id integer NOT NULL,
    count integer NOT NULL,
    date_time timestamp without time zone,
    number character varying(255),
    price real NOT NULL,
    status integer,
    person_id integer NOT NULL,
    product_id integer NOT NULL
);


ALTER TABLE public.orders OWNER TO postgres;

--
-- TOC entry 213 (class 1259 OID 16960)
-- Name: orders_id_seq; Type: SEQUENCE; Schema: public; Owner: postgres
--

ALTER TABLE public.orders ALTER COLUMN id ADD GENERATED BY DEFAULT AS IDENTITY (
    SEQUENCE NAME public.orders_id_seq
    START WITH 1
    INCREMENT BY 1
    NO MINVALUE
    NO MAXVALUE
    CACHE 1
);


--
-- TOC entry 216 (class 1259 OID 16967)
-- Name: person; Type: TABLE; Schema: public; Owner: postgres
--

CREATE TABLE public.person (
    id integer NOT NULL,
    login character varying(50),
    password character varying(255),
    role character varying(255)
);


ALTER TABLE public.person OWNER TO postgres;

--
-- TOC entry 215 (class 1259 OID 16966)
-- Name: person_id_seq; Type: SEQUENCE; Schema: public; Owner: postgres
--

ALTER TABLE public.person ALTER COLUMN id ADD GENERATED BY DEFAULT AS IDENTITY (
    SEQUENCE NAME public.person_id_seq
    START WITH 1
    INCREMENT BY 1
    NO MINVALUE
    NO MAXVALUE
    CACHE 1
);


--
-- TOC entry 218 (class 1259 OID 16975)
-- Name: product; Type: TABLE; Schema: public; Owner: postgres
--

CREATE TABLE public.product (
    id integer NOT NULL,
    date_time_of_created timestamp without time zone,
    description text NOT NULL,
    price real NOT NULL,
    seller character varying(255) NOT NULL,
    title text NOT NULL,
    warehouse character varying(255) NOT NULL,
    category_id integer NOT NULL,
    CONSTRAINT product_price_check CHECK ((price >= (1)::double precision))
);


ALTER TABLE public.product OWNER TO postgres;

--
-- TOC entry 220 (class 1259 OID 16984)
-- Name: product_cart; Type: TABLE; Schema: public; Owner: postgres
--

CREATE TABLE public.product_cart (
    id integer NOT NULL,
    person_id integer,
    product_id integer
);


ALTER TABLE public.product_cart OWNER TO postgres;

--
-- TOC entry 219 (class 1259 OID 16983)
-- Name: product_cart_id_seq; Type: SEQUENCE; Schema: public; Owner: postgres
--

ALTER TABLE public.product_cart ALTER COLUMN id ADD GENERATED BY DEFAULT AS IDENTITY (
    SEQUENCE NAME public.product_cart_id_seq
    START WITH 1
    INCREMENT BY 1
    NO MINVALUE
    NO MAXVALUE
    CACHE 1
);


--
-- TOC entry 217 (class 1259 OID 16974)
-- Name: product_id_seq; Type: SEQUENCE; Schema: public; Owner: postgres
--

ALTER TABLE public.product ALTER COLUMN id ADD GENERATED BY DEFAULT AS IDENTITY (
    SEQUENCE NAME public.product_id_seq
    START WITH 1
    INCREMENT BY 1
    NO MINVALUE
    NO MAXVALUE
    CACHE 1
);


--
-- TOC entry 3350 (class 0 OID 16949)
-- Dependencies: 210
-- Data for Name: category; Type: TABLE DATA; Schema: public; Owner: postgres
--

INSERT INTO public.category (id, name) VALUES (1, 'Мебель');
INSERT INTO public.category (id, name) VALUES (2, 'Бытовая техника');
INSERT INTO public.category (id, name) VALUES (3, 'Одежда');


--
-- TOC entry 3352 (class 0 OID 16955)
-- Dependencies: 212
-- Data for Name: image; Type: TABLE DATA; Schema: public; Owner: postgres
--

INSERT INTO public.image (id, file_name, product_id) VALUES (6, '73bb75fd-d631-411a-8e99-4035ce41c10a.1shkaf.webp', 2);
INSERT INTO public.image (id, file_name, product_id) VALUES (7, '1832d7ab-1ba5-402d-9a3e-a01f35d46653.2shkaf.webp', 2);
INSERT INTO public.image (id, file_name, product_id) VALUES (8, '35b74323-1571-4acf-9386-5be7a43c656c.3shkaf.webp', 2);
INSERT INTO public.image (id, file_name, product_id) VALUES (9, '668fb906-e769-487e-97a8-10a6a89232c5.4shkaf.webp', 2);
INSERT INTO public.image (id, file_name, product_id) VALUES (10, '2262b86a-36c5-46d5-881b-d5d795021ea6.5shkaf.webp', 2);
INSERT INTO public.image (id, file_name, product_id) VALUES (11, '3dd5911b-28fc-4180-acd1-5a54c429ce96.1tv.webp', 3);
INSERT INTO public.image (id, file_name, product_id) VALUES (12, '8b451830-3f13-46c7-bb5e-fdf7ee90acc3.2tv.webp', 3);
INSERT INTO public.image (id, file_name, product_id) VALUES (13, '441bc9f9-7f93-4de5-aa24-a472ec7dc4e0.3tv.webp', 3);
INSERT INTO public.image (id, file_name, product_id) VALUES (14, 'aada5e96-9fae-48be-931f-20c25e98d2a5.4tv.webp', 3);
INSERT INTO public.image (id, file_name, product_id) VALUES (15, 'a1a0a563-77e1-4c4f-83fb-65a4017543e6.5tv.webp', 3);
INSERT INTO public.image (id, file_name, product_id) VALUES (16, 'd5449871-929a-4b87-ac90-6bd22b6e9ccf.1robot.webp', 4);
INSERT INTO public.image (id, file_name, product_id) VALUES (17, '1c192e9a-6910-464a-981b-62c33377639c.2robot.webp', 4);
INSERT INTO public.image (id, file_name, product_id) VALUES (18, '25e3f1ee-ae59-4105-b98e-ed0ec51ad85b.3robot.webp', 4);
INSERT INTO public.image (id, file_name, product_id) VALUES (19, 'd5e1abed-a6f2-4a53-862d-ad905d2dc08e.4robot.webp', 4);
INSERT INTO public.image (id, file_name, product_id) VALUES (20, '319cc1c6-ac31-4cb8-a968-38e979c72dd3.5robot.webp', 4);
INSERT INTO public.image (id, file_name, product_id) VALUES (21, '363d040a-5f46-43c9-a1d4-4a02cd047bb8.1snik.webp', 5);
INSERT INTO public.image (id, file_name, product_id) VALUES (22, '78f4d581-bdf7-4289-9fad-a2d2b2ebf90b.2snik.webp', 5);
INSERT INTO public.image (id, file_name, product_id) VALUES (23, '78ff0eae-5b33-40bb-b80f-6a70f4a6c673.3snik.webp', 5);
INSERT INTO public.image (id, file_name, product_id) VALUES (24, 'd3da16c6-6873-4b6e-b582-298873105b83.4snik.webp', 5);
INSERT INTO public.image (id, file_name, product_id) VALUES (25, 'd2fb6ff0-d578-4861-a79c-0b0aa541720f.5snik.webp', 5);
INSERT INTO public.image (id, file_name, product_id) VALUES (26, 'ae1632da-8a9a-4f39-9d19-8a26e25dcde5.1boot.webp', 6);
INSERT INTO public.image (id, file_name, product_id) VALUES (27, 'f5817055-bb0f-4553-8eb1-55935236c11e.2boot.webp', 6);
INSERT INTO public.image (id, file_name, product_id) VALUES (28, '582094cc-b79d-48df-b0d7-b79a6eea7c74.3boot.webp', 6);
INSERT INTO public.image (id, file_name, product_id) VALUES (29, '5c31f3c2-3d36-44e4-95bc-878d4f42443a.4boot.webp', 6);
INSERT INTO public.image (id, file_name, product_id) VALUES (30, 'd9bb5be0-feb2-4174-9ed2-fe99fd24cd36.4boot.webp', 6);


--
-- TOC entry 3354 (class 0 OID 16961)
-- Dependencies: 214
-- Data for Name: orders; Type: TABLE DATA; Schema: public; Owner: postgres
--

INSERT INTO public.orders (id, count, date_time, number, price, status, person_id, product_id) VALUES (1, 1, '2022-12-11 22:36:55.360206', '1dc603ea-7691-4eda-9f38-24f34aa7202d', 13500, 1, 1, 2);


--
-- TOC entry 3356 (class 0 OID 16967)
-- Dependencies: 216
-- Data for Name: person; Type: TABLE DATA; Schema: public; Owner: postgres
--

INSERT INTO public.person (id, login, password, role) VALUES (1, 'user_login', '$2a$10$2MbW7y4YcnvfvfF2WqbNFuvvmFOiHPq3Y7./VeTT05knE7GWdEPMK', 'ROLE_USER');
INSERT INTO public.person (id, login, password, role) VALUES (3, 'admin_login', '$2a$10$oJMNDJ9bzctAMnNbseJqrOhLMb6.aqwqjyEz1k0oyHgZUZXw/g03.', 'ROLE_ADMIN');


--
-- TOC entry 3358 (class 0 OID 16975)
-- Dependencies: 218
-- Data for Name: product; Type: TABLE DATA; Schema: public; Owner: postgres
--

INSERT INTO public.product (id, date_time_of_created, description, price, seller, title, warehouse, category_id) VALUES (2, '2022-12-11 22:24:51.137354', 'Шкаф раздвижной «Турин» — вместительный двухдверный шкаф-купе, который станет достойной альтернативой корпусной мебели с распашными дверцами. При габаритах 120х60х212 см (ШхГхВ) позволяет организовать удобное хранение вещей в небольшом по площади помещении. Шкаф можно установить в углу или, если нужно разделить пространство на зоны, в центре комнаты. Товар произведен в России. Гарантия — 2 года.', 13500, 'АО Турин', 'Шкаф-купе Турин', 'Тула', 1);
INSERT INTO public.product (id, date_time_of_created, description, price, seller, title, warehouse, category_id) VALUES (3, '2022-12-11 22:30:57.281373', 'LED-телевизор 32" Samsung UE32N5000AU оборудован тюнером, который отвечает за стабильный прием сигнала каналов различного диапазона. На экран выводится изображение в формате Full HD. Благодаря оптимизации контрастности и естественной цветопередаче кадрам придаются реалистичность и кинематографический эффект. Это создает комфортные условия для просмотра фильмов, развлекательных шоу и сериалов. Устройство оснащено портом USB, что позволяет воспроизводить контент с внешнего носителя информации.', 32121, 'ООО "Эльдорадо"', 'LED телевизор 32" Samsung UE32N5000AU', 'Мурино', 2);
INSERT INTO public.product (id, date_time_of_created, description, price, seller, title, warehouse, category_id) VALUES (4, '2022-12-11 22:32:07.717539', 'Робот-пылесос Vitek VT-1801 оснащен длинными боковыми щетками, что позволяет удалять пыль из труднодоступных мест. Модель оптимальна для уборки ворсистых и гладких поверхностей. На корпусе расположены инфракрасные датчики, которые предотвращают падение устройства с лестницы или столкновение со стенами. В случае перегрева система безопасности автоматически деактивирует устройство.', 4952, 'АО "Робо"', 'Робот-пылесос VITEK VT-1801', 'Саратов', 2);
INSERT INTO public.product (id, date_time_of_created, description, price, seller, title, warehouse, category_id) VALUES (5, '2022-12-11 22:34:09.540468', ' Данная модель маломерит на один размер !!! Кроссовки мужские дают возможность Вам чувствовать себя комфортно при повседневной носке, а также они подходят для тренировок, прогулок, езде на автомобиле. Данная модель подойдет для бега. Отлично подходят для жарких дней и любого вида активностей. Так же кроссовки мужские осенние позволят вам чувствовать комфорт в любую погоду. Кроссовки для мальчиков подростки оценят стиль и удобство. ', 1450, 'ООО "Движ"', 'Кроссовки', 'Тула', 3);
INSERT INTO public.product (id, date_time_of_created, description, price, seller, title, warehouse, category_id) VALUES (6, '2022-12-11 22:35:18.596266', 'Мужские кроссовки прекрасно подойдут для любого образа. Красные кроссовки станут отличным акцентом. Стелька в данной модели комфортная. Мягкий язычок помогает уменьшить давление от системы шнуровки. *Долговечность обуви зависит от ухода. Вот наши рекомендации:* \* Мыть ботинки достаточно один-два раза в неделю. \* Сушить после каждого дня носки. Лучше всего — при помощи газет. \* Обязательно вытаскивать на ночь стельки. Кроссовки мужские с мембраной / кроссовки с мембраной мужские / кроссовки мужские водонепроницаемые / кроссовки мужские летние осенние/', 5600, 'Ozon', 'Кроссовки Сталкер', 'Москва', 3);


--
-- TOC entry 3360 (class 0 OID 16984)
-- Dependencies: 220
-- Data for Name: product_cart; Type: TABLE DATA; Schema: public; Owner: postgres
--

INSERT INTO public.product_cart (id, person_id, product_id) VALUES (2, 1, 3);
INSERT INTO public.product_cart (id, person_id, product_id) VALUES (3, 1, 4);


--
-- TOC entry 3366 (class 0 OID 0)
-- Dependencies: 209
-- Name: category_id_seq; Type: SEQUENCE SET; Schema: public; Owner: postgres
--

SELECT pg_catalog.setval('public.category_id_seq', 3, true);


--
-- TOC entry 3367 (class 0 OID 0)
-- Dependencies: 211
-- Name: image_id_seq; Type: SEQUENCE SET; Schema: public; Owner: postgres
--

SELECT pg_catalog.setval('public.image_id_seq', 30, true);


--
-- TOC entry 3368 (class 0 OID 0)
-- Dependencies: 213
-- Name: orders_id_seq; Type: SEQUENCE SET; Schema: public; Owner: postgres
--

SELECT pg_catalog.setval('public.orders_id_seq', 1, true);


--
-- TOC entry 3369 (class 0 OID 0)
-- Dependencies: 215
-- Name: person_id_seq; Type: SEQUENCE SET; Schema: public; Owner: postgres
--

SELECT pg_catalog.setval('public.person_id_seq', 3, true);


--
-- TOC entry 3370 (class 0 OID 0)
-- Dependencies: 219
-- Name: product_cart_id_seq; Type: SEQUENCE SET; Schema: public; Owner: postgres
--

SELECT pg_catalog.setval('public.product_cart_id_seq', 3, true);


--
-- TOC entry 3371 (class 0 OID 0)
-- Dependencies: 217
-- Name: product_id_seq; Type: SEQUENCE SET; Schema: public; Owner: postgres
--

SELECT pg_catalog.setval('public.product_id_seq', 6, true);


--
-- TOC entry 3191 (class 2606 OID 16953)
-- Name: category category_pkey; Type: CONSTRAINT; Schema: public; Owner: postgres
--

ALTER TABLE ONLY public.category
    ADD CONSTRAINT category_pkey PRIMARY KEY (id);


--
-- TOC entry 3193 (class 2606 OID 16959)
-- Name: image image_pkey; Type: CONSTRAINT; Schema: public; Owner: postgres
--

ALTER TABLE ONLY public.image
    ADD CONSTRAINT image_pkey PRIMARY KEY (id);


--
-- TOC entry 3195 (class 2606 OID 16965)
-- Name: orders orders_pkey; Type: CONSTRAINT; Schema: public; Owner: postgres
--

ALTER TABLE ONLY public.orders
    ADD CONSTRAINT orders_pkey PRIMARY KEY (id);


--
-- TOC entry 3197 (class 2606 OID 16973)
-- Name: person person_pkey; Type: CONSTRAINT; Schema: public; Owner: postgres
--

ALTER TABLE ONLY public.person
    ADD CONSTRAINT person_pkey PRIMARY KEY (id);


--
-- TOC entry 3203 (class 2606 OID 16988)
-- Name: product_cart product_cart_pkey; Type: CONSTRAINT; Schema: public; Owner: postgres
--

ALTER TABLE ONLY public.product_cart
    ADD CONSTRAINT product_cart_pkey PRIMARY KEY (id);


--
-- TOC entry 3199 (class 2606 OID 16982)
-- Name: product product_pkey; Type: CONSTRAINT; Schema: public; Owner: postgres
--

ALTER TABLE ONLY public.product
    ADD CONSTRAINT product_pkey PRIMARY KEY (id);


--
-- TOC entry 3201 (class 2606 OID 16990)
-- Name: product uk_qka6vxqdy1dprtqnx9trdd47c; Type: CONSTRAINT; Schema: public; Owner: postgres
--

ALTER TABLE ONLY public.product
    ADD CONSTRAINT uk_qka6vxqdy1dprtqnx9trdd47c UNIQUE (title);


--
-- TOC entry 3205 (class 2606 OID 16996)
-- Name: orders fk1b0m4muwx1t377w9if3w6wwqn; Type: FK CONSTRAINT; Schema: public; Owner: postgres
--

ALTER TABLE ONLY public.orders
    ADD CONSTRAINT fk1b0m4muwx1t377w9if3w6wwqn FOREIGN KEY (person_id) REFERENCES public.person(id);


--
-- TOC entry 3207 (class 2606 OID 17006)
-- Name: product fk1mtsbur82frn64de7balymq9s; Type: FK CONSTRAINT; Schema: public; Owner: postgres
--

ALTER TABLE ONLY public.product
    ADD CONSTRAINT fk1mtsbur82frn64de7balymq9s FOREIGN KEY (category_id) REFERENCES public.category(id);


--
-- TOC entry 3206 (class 2606 OID 17001)
-- Name: orders fk787ibr3guwp6xobrpbofnv7le; Type: FK CONSTRAINT; Schema: public; Owner: postgres
--

ALTER TABLE ONLY public.orders
    ADD CONSTRAINT fk787ibr3guwp6xobrpbofnv7le FOREIGN KEY (product_id) REFERENCES public.product(id);


--
-- TOC entry 3204 (class 2606 OID 16991)
-- Name: image fkgpextbyee3uk9u6o2381m7ft1; Type: FK CONSTRAINT; Schema: public; Owner: postgres
--

ALTER TABLE ONLY public.image
    ADD CONSTRAINT fkgpextbyee3uk9u6o2381m7ft1 FOREIGN KEY (product_id) REFERENCES public.product(id);


--
-- TOC entry 3209 (class 2606 OID 17016)
-- Name: product_cart fkhpnrxdy3jhujameyod08ilvvw; Type: FK CONSTRAINT; Schema: public; Owner: postgres
--

ALTER TABLE ONLY public.product_cart
    ADD CONSTRAINT fkhpnrxdy3jhujameyod08ilvvw FOREIGN KEY (product_id) REFERENCES public.product(id);


--
-- TOC entry 3208 (class 2606 OID 17011)
-- Name: product_cart fksgnkc1ko2i1o9yr2p63ysq3rn; Type: FK CONSTRAINT; Schema: public; Owner: postgres
--

ALTER TABLE ONLY public.product_cart
    ADD CONSTRAINT fksgnkc1ko2i1o9yr2p63ysq3rn FOREIGN KEY (person_id) REFERENCES public.person(id);


-- Completed on 2022-12-11 23:25:05

--
-- PostgreSQL database dump complete
--

